id,first_name,last_name,street,city,state,zip_code
1,Beckie,Wrenn,37 Tomscot Center,Montgomery,Alabama,36125
2,Fanchon,Webb,490 4th Court,New York City,New York,10039
3,Maxy,Pember,03 Corscot Trail,Peoria,Illinois,61651
4,Brenn,Tumielli,153 Dryden Way,New Castle,Pennsylvania,16107
5,Ramonda,Rowan,06 Cody Drive,Roanoke,Virginia,24020
6,Derick,Rowthorn,37 Sunfield Avenue,New York City,New York,10024
7,Cristabel,Tubble,21050 Walton Way,Washington,District of Columbia,20041
8,Meaghan,Lehrmann,70 Fair Oaks Junction,New York City,New York,10045
9,Rozina,Heggison,84516 Upham Parkway,Oklahoma City,Oklahoma,73179
10,Reiko,Hanks,8570 Manufacturers Street,San Diego,California,92165
11,Cosme,Lytlle,712 Mandrake Circle,Fort Pierce,Florida,34981
12,Deloria,Moohan,9 Melvin Court,Lexington,Kentucky,40515
13,Yvon,Seabert,559 Brentwood Park,Grand Rapids,Michigan,49560
14,Ronny,Wards,94986 Dunning Avenue,Peoria,Illinois,61614
15,Welsh,Alsop,52326 Vidon Lane,Charleston,West Virginia,25389
16,Coleen,Porrett,5267 Mallory Street,Lexington,Kentucky,40515
17,Hilliary,Takle,8554 Montana Circle,Brooklyn,New York,11215
18,Carce,Haste,458 Annamark Place,Boston,Massachusetts,02104
19,Renard,Pounsett,451 Granby Street,Raleigh,North Carolina,27615
20,Ileane,Gradley,1 Nevada Way,Lehigh Acres,Florida,33972
21,Kerk,Cassam,85172 Calypso Pass,Springfield,Illinois,62718
22,Manda,Strain,0 West Place,Seattle,Washington,98140
23,Arte,Horley,45154 Redwing Park,Sioux Falls,South Dakota,57193
24,Marina,Skyner,73 Sauthoff Junction,Honolulu,Hawaii,96810
25,Dollie,Lumsdall,8 Arkansas Court,New Haven,Connecticut,06533
26,Fleming,Cleghorn,0948 Welch Lane,Chicago,Illinois,60697
27,Nigel,Attac,2459 Swallow Point,Charleston,West Virginia,25331
28,Charmian,Swiffin,98 Granby Street,Akron,Ohio,44329
29,Miltie,Gauden,9885 Eastwood Trail,Lynn,Massachusetts,01905
30,Ashil,Longhirst,58198 Michigan Way,Boise,Idaho,83705
31,Alverta,Adnams,04 Northwestern Parkway,San Francisco,California,94142
32,Diego,Kew,401 Scott Trail,Greeley,Colorado,80638
33,Fidelity,Sapir,1 Melrose Pass,New York City,New York,10155
34,Olympia,Ridel,73 Thompson Pass,Youngstown,Ohio,44555
35,Isidore,Strattan,542 Doe Crossing Circle,Saint Louis,Missouri,63104
36,Dalli,Strognell,7 Annamark Park,Knoxville,Tennessee,37939
37,Randa,Clell,6 Hallows Hill,Pasadena,California,91186
38,Karleen,Grogor,0582 Messerschmidt Point,Omaha,Nebraska,68110
39,Miner,Wabersinke,0 Golf Course Drive,Washington,District of Columbia,20238
40,Maddi,Fancet,7 Artisan Junction,East Saint Louis,Illinois,62205
41,Lotte,Gillice,0 Dwight Center,Buffalo,New York,14215
42,Madlen,Aldhous,613 Reinke Pass,Orange,California,92862
43,Kelsey,Rooms,69657 Bashford Pass,Portsmouth,New Hampshire,03804
44,Eudora,Fishburn,1103 Hermina Avenue,Farmington,Michigan,48335
45,Beatrix,Chittleburgh,695 Anthes Pass,El Paso,Texas,88541
46,Zarah,Flood,987 American Circle,Portland,Oregon,97206
47,Christoph,Carneck,90 Butterfield Parkway,Roanoke,Virginia,24024
48,Maridel,Hinckley,56 Bay Crossing,Tulsa,Oklahoma,74193
49,Kelsi,McKim,612 Oak Circle,Carol Stream,Illinois,60158
50,Jerri,Martensen,72779 Dixon Terrace,Washington,District of Columbia,20508
51,Vivyanne,Minto,78371 Crest Line Lane,San Luis Obispo,California,93407
52,Gerrie,Sandercock,7554 Hoffman Street,Helena,Montana,59623
53,Rakel,Bonds,022 Northview Parkway,Austin,Texas,78789
54,Jodi,Lowten,738 Artisan Junction,Saint Louis,Missouri,63143
55,Freida,Lanktree,4640 Homewood Crossing,Washington,District of Columbia,20580
56,Chiarra,Dumbelton,23 Doe Crossing Hill,Memphis,Tennessee,38104
57,Omar,Pudsey,18 Little Fleur Junction,Los Angeles,California,90005
58,Javier,Sindell,4883 Grover Trail,Cincinnati,Ohio,45203
59,Doti,Plaister,77839 Kedzie Hill,Jackson,Mississippi,39282
60,Brendan,Salvadori,323 Burrows Junction,Bethesda,Maryland,20816
61,Jule,Mougenel,4714 Kropf Way,Honolulu,Hawaii,96810
62,Prentice,Cromarty,0 3rd Pass,Bethesda,Maryland,20816
63,Merill,Eisenberg,3771 Aberg Circle,Miami,Florida,33180
64,Francklin,Tellenbrok,1 Barnett Street,Shawnee Mission,Kansas,66210
65,Lara,Oxlade,23 Donald Road,Henderson,Nevada,89012
66,Dorian,Bains,19857 Vera Park,Kalamazoo,Michigan,49006
67,Marlow,Kingsnorth,5 Montana Court,Houston,Texas,77035
68,Doloritas,Hadleigh,254 Lindbergh Circle,Jamaica,New York,11499
69,Pietro,Ellsbury,49451 Armistice Center,Chattanooga,Tennessee,37410
70,Ritchie,Ogilby,49525 Magdeline Street,Baton Rouge,Louisiana,70805
71,Gothart,Housam,83 Warrior Drive,Raleigh,North Carolina,27615
72,Miltie,Yanshinov,5761 Esker Lane,Las Cruces,New Mexico,88006
73,Teriann,Bleaden,64 David Lane,Reston,Virginia,20195
74,Celina,Paz,80 Annamark Plaza,Shreveport,Louisiana,71166
75,Maryann,Radband,12 Welch Alley,North Little Rock,Arkansas,72118
76,Mira,Dermot,747 Bowman Pass,New Orleans,Louisiana,70129
77,Alvan,Malicki,92041 Schurz Center,Wichita,Kansas,67260
78,Munroe,Heistermann,9 3rd Crossing,Memphis,Tennessee,38114
79,Florette,Cow,110 Burrows Lane,El Paso,Texas,88569
80,Verla,Bolgar,556 Nevada Court,Clearwater,Florida,34620
81,Claudianus,Stainland,0 Ridge Oak Hill,Las Vegas,Nevada,89135
82,Fiona,Costard,2 Spaight Court,Fort Lauderdale,Florida,33345
83,Kristina,Celloni,347 Alpine Trail,Austin,Texas,78778
84,Amaleta,Van der Hoeven,4364 Crescent Oaks Street,Irvine,California,92710
85,Trudi,Lohering,5868 Ridgeway Point,Macon,Georgia,31296
86,Merrili,Grishankov,864 Golf Lane,Canton,Ohio,44760
87,Lenard,Gracey,209 Buell Avenue,Oklahoma City,Oklahoma,73167
88,Fred,Sherbrooke,2354 Calypso Trail,Orange,California,92862
89,Jen,Leftley,7585 David Drive,Akron,Ohio,44315
90,Thekla,Tanner,844 Fremont Parkway,Evansville,Indiana,47705
91,Genvieve,Boliver,4 Clyde Gallagher Parkway,Tucson,Arizona,85748
92,Giulio,McElree,02 Oxford Center,Washington,District of Columbia,20551
93,Delores,Poley,0 Sherman Road,Portland,Oregon,97221
94,Tildi,Hurling,09893 Thackeray Place,Kansas City,Missouri,64142
95,Wendi,Fuggle,0112 2nd Court,Meridian,Mississippi,39305
96,Luke,West-Frimley,5 Sheridan Hill,Billings,Montana,59112
97,Georgianna,Bloxholm,0499 Westerfield Way,Hattiesburg,Mississippi,39404
98,Urbanus,Skitt,892 Tennessee Point,Seattle,Washington,98148
99,Galvan,Peasby,2 Sachtjen Road,Tyler,Texas,75710
100,Celisse,Corradini,45131 Bunker Hill Road,Palm Bay,Florida,32909
101,Glynn,Hofton,73 Anderson Place,Honolulu,Hawaii,96845
102,Maitilde,Luppitt,01747 Sherman Crossing,Sarasota,Florida,34233
103,Mickey,Cotsford,491 Manitowish Parkway,Peoria,Illinois,61605
104,Berri,Driffield,92543 Mallard Park,Colorado Springs,Colorado,80995
105,Cindi,Ogglebie,96738 Warrior Plaza,Long Beach,California,90810
106,Melinde,Ivel,9572 Kennedy Crossing,Indianapolis,Indiana,46239
107,Coretta,Ducarne,175 Tennessee Alley,Sarasota,Florida,34238
108,Netty,Santi,8096 Sachs Plaza,Seattle,Washington,98115
109,Devlin,Quickfall,44 Lakeland Place,Washington,District of Columbia,20210
110,Rickard,O'Siaghail,966 Lawn Circle,Roanoke,Virginia,24020
111,Alva,Daykin,233 Golden Leaf Pass,Topeka,Kansas,66629
112,Charlie,Egalton,1 Glacier Hill Circle,Brockton,Massachusetts,02305
113,Hedy,Pietrzyk,48 Vahlen Road,Grand Rapids,Michigan,49544
114,Renado,Wenn,289 Cody Lane,San Diego,California,92121
115,Nalani,Rosengart,23 Redwing Way,Anderson,South Carolina,29625
116,Lennard,Beazey,0714 Nobel Way,Houston,Texas,77085
117,Gill,Blitz,2 Waubesa Junction,Los Angeles,California,90025
118,Nan,Purdy,91 Bartelt Center,Roanoke,Virginia,24014
119,Reamonn,Rudderham,2702 Ramsey Center,Anchorage,Alaska,99512
120,Leif,Guiduzzi,9731 Maple Wood Terrace,Charlotte,North Carolina,28256
121,Valdemar,Davidof,5 Continental Place,Jacksonville,Florida,32220
122,Jocelyne,Thandi,9911 Fairfield Center,Kansas City,Missouri,64160
123,Pavlov,Patel,312 Doe Crossing Point,Washington,District of Columbia,20268
124,Korie,Offener,6 Esker Hill,New Hyde Park,New York,11044
125,Kippie,Ledwitch,68503 Summer Ridge Point,Shawnee Mission,Kansas,66286
126,Antonio,Salazar,05 Carpenter Street,Jackson,Mississippi,39236
127,Tomasina,Pullen,0 Daystar Point,El Paso,Texas,88558
128,Tammi,Follin,48305 Ridgeview Place,Saint Paul,Minnesota,55108
129,Bud,Pudsall,32 Surrey Crossing,Iowa City,Iowa,52245
130,Roana,Love,71535 Saint Paul Center,Orlando,Florida,32813
131,Jeffy,Hullin,797 Brentwood Park,West Palm Beach,Florida,33405
132,Pia,Andreev,03 Springview Point,Oklahoma City,Oklahoma,73104
133,Chelsea,Saipy,5 Golf Center,Minneapolis,Minnesota,55441
134,Beret,Orviss,36 Arkansas Plaza,North Little Rock,Arkansas,72118
135,Onfroi,Hullin,6025 Judy Terrace,Amarillo,Texas,79188
136,Dimitri,Bonifacio,4 Calypso Parkway,Albany,New York,12255
137,Alexina,Train,04 Elka Parkway,Columbus,Ohio,43204
138,Jeddy,Cork,757 Kingsford Way,Oklahoma City,Oklahoma,73135
139,Shay,Kennelly,81 Linden Junction,Pueblo,Colorado,81015
140,Talia,Filipic,5950 Jackson Alley,New York City,New York,10105
141,Maxi,Juara,8 Merchant Junction,Oklahoma City,Oklahoma,73190
142,Meryl,Conrad,06 Mayfield Parkway,Frankfort,Kentucky,40618
143,Brenn,Syddall,4 Vernon Parkway,Irvine,California,92717
144,Gustie,Tudhope,162 High Crossing Terrace,Bismarck,North Dakota,58505
145,Doralynn,Spyby,1 Kings Drive,Tulsa,Oklahoma,74133
146,Gerti,Posthill,74 Goodland Way,Shreveport,Louisiana,71105
147,Gilles,Kirsche,33469 Bay Way,Galveston,Texas,77554
148,Mariette,Whacket,39171 Bartelt Terrace,Toledo,Ohio,43656
149,Salem,Yole,7 Northport Court,Los Angeles,California,90087
150,Lyn,Inott,2952 Raven Court,Southfield,Michigan,48076
151,Rollins,Dunnan,7 Orin Pass,Aiken,South Carolina,29805
152,Morton,Jirak,510 High Crossing Alley,Los Angeles,California,90035
153,Laurette,Begin,140 Warbler Alley,Richmond,Virginia,23260
154,Rhody,Muriel,59201 Mockingbird Avenue,Clearwater,Florida,33763
155,Sigvard,Nerheny,086 Glendale Terrace,Roanoke,Virginia,24020
156,Mimi,Smeal,8413 Kim Park,Nashville,Tennessee,37250
157,Kip,Compford,3490 Summerview Avenue,Berkeley,California,94705
158,Layton,Meagher,97796 Pennsylvania Road,Memphis,Tennessee,38104
159,Alfi,Rupke,0195 Valley Edge Court,Jacksonville,Florida,32215
160,Harriett,Munro,40658 Gina Avenue,Boca Raton,Florida,33432
161,Thedrick,McParlin,1 Marquette Pass,Jacksonville,Florida,32236
162,Caroljean,Kleinmintz,72584 Tony Pass,New York City,New York,10024
163,Solly,Barbey,91563 Stang Plaza,Scottsdale,Arizona,85260
164,Tallie,Scourfield,96 Barnett Court,Saint Paul,Minnesota,55115
165,Teodoor,Van der Brugge,25444 Buhler Court,Albany,New York,12227
166,Cheston,Imesson,69 Clyde Gallagher Hill,Pompano Beach,Florida,33064
167,Jerrie,Bigmore,0439 Esker Parkway,College Station,Texas,77844
168,Issy,Beefon,38 Sachs Pass,Amarillo,Texas,79188
169,Kingston,Murt,93 Independence Point,Newark,New Jersey,07112
170,Tammy,Speers,8 Dexter Parkway,Sioux Falls,South Dakota,57188
171,Kim,Alsford,22922 Thierer Park,Carlsbad,California,92013
172,Russell,Josselsohn,63406 Bobwhite Lane,Rochester,New York,14639
173,Dulciana,Salandino,3187 Loomis Avenue,Fresno,California,93773
174,Curry,Viccars,47410 Dahle Place,Philadelphia,Pennsylvania,19093
175,Flossie,Caen,8 Maple Avenue,Fort Wayne,Indiana,46857
176,Bryana,Millett,14 Transport Avenue,San Jose,California,95150
177,Fran,Sillitoe,4 Huxley Street,Olympia,Washington,98506
178,Twila,Trehearne,6844 2nd Avenue,Newark,New Jersey,07104
179,Teodor,Bumpas,2 Dryden Pass,Midland,Texas,79705
180,Yuri,Courtois,567 Aberg Pass,Milwaukee,Wisconsin,53215
181,Elane,Hemstead,39138 Buena Vista Terrace,New Orleans,Louisiana,70187
182,Cully,Zack,986 Bay Circle,Rochester,New York,14646
183,Fletcher,Edmand,52196 Lien Street,Galveston,Texas,77554
184,Terrell,Twitty,7946 Bluejay Drive,Tallahassee,Florida,32309
185,Lonni,Culbard,6541 Susan Road,Gainesville,Florida,32610
186,Lannie,Conahy,64 Maple Wood Crossing,Pasadena,California,91103
187,Horatius,Tomczykiewicz,4 Rieder Circle,Saint Louis,Missouri,63116
188,Annabela,Runchman,28946 Pepper Wood Place,Shreveport,Louisiana,71137
189,Enoch,Worcester,6775 Clove Point,Oklahoma City,Oklahoma,73114
190,Mina,Dagworthy,0644 Mitchell Trail,Salt Lake City,Utah,84140
191,Brad,Probbings,417 Mayer Alley,Colorado Springs,Colorado,80930
192,Amalita,Dillamore,996 Hagan Junction,Washington,District of Columbia,20036
193,Lianne,Benediktsson,3 Melody Alley,Virginia Beach,Virginia,23454
194,Aubree,Iskowicz,17929 Farragut Crossing,Cincinnati,Ohio,45296
195,Ricoriki,Huey,4 Corry Plaza,Pittsburgh,Pennsylvania,15286
196,Jere,Lascell,997 Lindbergh Place,Elmira,New York,14905
197,Chanda,Kock,31131 Lakewood Parkway,Grand Rapids,Michigan,49505
198,Brigit,Gronav,0 Cottonwood Street,Gilbert,Arizona,85297
199,Fanny,Buss,0 High Crossing Way,Peoria,Illinois,61640
200,Tomasine,Obert,94174 Maywood Place,Bloomington,Illinois,61709
201,Catha,Gillingham,64119 Golf View Center,Sacramento,California,94237
202,Jeniece,Matteau,4156 Scott Junction,Houston,Texas,77070
203,Doralynne,Ashling,59 Jana Junction,Jamaica,New York,11470
204,Zonnya,Springham,361 Ridge Oak Lane,New York City,New York,10004
205,Ag,Vedeshkin,80 Elka Way,Portland,Oregon,97221
206,Kirbee,Nugent,83 Main Lane,Tallahassee,Florida,32399
207,Hamel,Knappe,9 Jenifer Crossing,Sioux Falls,South Dakota,57105
208,Don,Clymer,89 Scoville Court,Fort Lauderdale,Florida,33325
209,Alisa,Yves,32065 Schlimgen Crossing,Lincoln,Nebraska,68505
210,Sidoney,Borland,4 Northland Avenue,Vancouver,Washington,98687
211,Jody,Costain,51 Shelley Park,El Paso,Texas,79905
212,Doloritas,Seleway,64588 Express Trail,Chicago,Illinois,60630
213,Benedikt,Greson,56 Hazelcrest Lane,San Diego,California,92115
214,Harrie,Bartusek,56 Saint Paul Street,Birmingham,Alabama,35242
215,Zara,Rolf,7505 Johnson Crossing,Midland,Texas,79705
216,Datha,Stoggles,64619 Leroy Road,Oakland,California,94660
217,Celisse,Guerola,3 Pine View Crossing,Cincinnati,Ohio,45999
218,Gwyneth,Letixier,60 Kedzie Lane,Rochester,New York,14683
219,Collie,Morriarty,09667 Cottonwood Hill,Amarillo,Texas,79182
220,Fancy,Szymczyk,8 Melrose Point,Jackson,Mississippi,39296
221,Merrill,Jemison,1 Sauthoff Pass,Charleston,West Virginia,25313
222,Arleyne,Heinert,21 Hovde Way,Portland,Oregon,97232
223,Seumas,Grishelyov,0 Rigney Parkway,Boise,Idaho,83705
224,Miller,Dagless,07 Clyde Gallagher Pass,Jamaica,New York,11407
225,Sofia,Gerson,079 Scoville Point,Wichita,Kansas,67230
226,Tana,Hosby,1486 Oneill Drive,Saint Paul,Minnesota,55114
227,Cinnamon,Stollwerck,33377 Eagle Crest Street,Lincoln,Nebraska,68505
228,Allianora,Jagson,81 Meadow Vale Pass,Edmond,Oklahoma,73034
229,Aurilia,Knibley,9 Sutherland Point,Raleigh,North Carolina,27615
230,Luciano,Pittock,353 Fairview Plaza,Buffalo,New York,14225
231,Major,Sea,833 Del Mar Parkway,Hartford,Connecticut,06160
232,Irina,Soitoux,9164 Cambridge Drive,Bakersfield,California,93305
233,Danny,Margaritelli,4552 Warbler Center,Sacramento,California,95823
234,Jeanette,Danet,30388 Pankratz Street,Lansing,Michigan,48912
235,Ibrahim,Meir,3 Marquette Center,Cincinnati,Ohio,45296
236,Phillip,Karys,8 Macpherson Plaza,Salt Lake City,Utah,84120
237,Angel,Bolsover,65 Logan Point,Charlotte,North Carolina,28272
238,Lorin,Huitson,918 Claremont Alley,Oklahoma City,Oklahoma,73157
239,Rickey,Varvara,74400 Iowa Parkway,Pittsburgh,Pennsylvania,15279
240,Lucila,Brazer,74975 Dennis Center,Peoria,Illinois,61614
241,Cynthea,Foxten,3930 Vernon Center,Lexington,Kentucky,40591
242,Jemie,Doggett,2803 Bluestem Pass,Louisville,Kentucky,40280
243,Julia,Conquest,97 Fieldstone Lane,Norman,Oklahoma,73071
244,Jorry,Bulle,36481 Summer Ridge Lane,Charlotte,North Carolina,28215
245,Broddie,Wallace,609 Grover Junction,Dallas,Texas,75287
246,Rube,Grigolashvill,09473 Lawn Center,Pensacola,Florida,32505
247,Edward,Cottey,82613 Meadow Vale Way,Greenville,South Carolina,29615
248,Sarena,Batalini,59 Monterey Junction,Fort Wayne,Indiana,46825
249,Truda,Domerq,152 Merchant Pass,Lake Charles,Louisiana,70616
250,Giuditta,Colbrun,2 Fairfield Plaza,San Francisco,California,94110
251,Yule,Curnock,0455 Vernon Pass,Shreveport,Louisiana,71130
252,Marianna,Scala,796 Schmedeman Way,Mobile,Alabama,36616
253,Harland,Wragge,01889 Hallows Street,Oklahoma City,Oklahoma,73135
254,Olenolin,Lambrook,0442 Butternut Parkway,Fort Smith,Arkansas,72916
255,Marjorie,Elderkin,36 Service Crossing,Scottsdale,Arizona,85271
256,Erminie,Farnaby,19039 Cordelia Court,Marietta,Georgia,30066
257,Lilla,Hamly,38035 Hoard Park,Charleston,West Virginia,25313
258,Ted,Castelow,66560 Burning Wood Crossing,Madison,Wisconsin,53790
259,Tomlin,Rivallant,0 Michigan Hill,Huntington,West Virginia,25775
260,Joachim,Filde,16360 Claremont Park,Jamaica,New York,11436
261,Josh,Uttridge,572 Reindahl Lane,Richmond,Virginia,23203
262,Gunter,Tire,9 Canary Plaza,Chandler,Arizona,85246
263,Saba,Pulster,19236 Shelley Place,Escondido,California,92030
264,Michel,Mc Gorley,8020 Schurz Avenue,San Mateo,California,94405
265,Ferdinande,Dyche,192 Westerfield Pass,Las Vegas,Nevada,89160
266,Wallie,Aubery,2 Kinsman Place,Knoxville,Tennessee,37931
267,Kimbra,Chang,13877 Southridge Street,North Little Rock,Arkansas,72118
268,Stanly,Dugget,77 Continental Court,Dayton,Ohio,45403
269,Daryl,Challoner,74915 Fieldstone Trail,Santa Monica,California,90405
270,Kylen,Dederich,8 Sunbrook Place,Washington,District of Columbia,20599
271,Ronda,de Guise,94773 Mayer Lane,Fort Worth,Texas,76134
272,Cristabel,Tams,53 Nevada Place,Richmond,Virginia,23220
273,Rubetta,Lorant,20149 Carey Lane,Schaumburg,Illinois,60193
274,Saidee,Whittet,4 Calypso Parkway,Kissimmee,Florida,34745
275,Dane,McAvin,455 Eagan Pass,Lancaster,Pennsylvania,17622
276,Bronnie,Aslen,4164 Rieder Alley,Phoenix,Arizona,85077
277,Jordanna,Timlin,7913 Dayton Place,Allentown,Pennsylvania,18105
278,Melvin,Snoad,76368 Bluestem Pass,Colorado Springs,Colorado,80995
279,Rosabel,Reven,8643 Dixon Parkway,Washington,District of Columbia,20535
280,Elsi,Lewens,54519 Hazelcrest Lane,Houston,Texas,77040
281,Delmer,Skipsey,8 Summer Ridge Street,Birmingham,Alabama,35220
282,Orland,Mattam,5 Dovetail Hill,Laurel,Maryland,20709
283,Mariele,Preator,2896 Little Fleur Hill,Miami Beach,Florida,33141
284,Abie,Duggan,386 Northridge Plaza,Lakeland,Florida,33805
285,Paulo,Hinksen,59 John Wall Way,Richmond,Virginia,23260
286,Patrizio,Licciardiello,9266 Cardinal Drive,New Orleans,Louisiana,70160
287,Idalia,Worsley,69 Grasskamp Crossing,Colorado Springs,Colorado,80925
288,Ardith,Paulo,424 Toban Drive,Long Beach,California,90810
289,Clevey,Hurch,41 Randy Lane,Houston,Texas,77035
290,Barnebas,Kneath,06 Hermina Way,Washington,District of Columbia,20580
291,Alec,Goulston,08 Aberg Street,Metairie,Louisiana,70033
292,Helen,Tooke,2264 Utah Parkway,Brooklyn,New York,11247
293,Arther,Stennet,7823 Hazelcrest Parkway,Merrifield,Virginia,22119
294,Blondell,Deverale,729 Colorado Street,Austin,Texas,78721
295,Godfry,Cuseck,9 Dovetail Parkway,Largo,Florida,33777
296,Karlie,Markussen,70306 Erie Hill,Mobile,Alabama,36689
297,Phyllida,Moniker,2759 Delladonna Drive,Washington,District of Columbia,20205
298,Terrance,Honnicott,96266 Melody Parkway,Brooklyn,New York,11220
299,Madelena,Good,4107 Claremont Lane,Sacramento,California,94280
300,Martha,Quinnelly,05 Almo Road,Winston Salem,North Carolina,27110
301,Jillane,Neate,3 Hintze Park,Wilmington,Delaware,19810
302,Mart,Ragg,8 International Circle,Richmond,Virginia,23260
303,Kingsly,Verrill,6 Farmco Way,Birmingham,Alabama,35210
304,Mandie,Enderle,75 Declaration Center,Rockford,Illinois,61110
305,Angie,McQuillen,498 Lyons Pass,Sacramento,California,94291
306,Ansel,Eake,67 Stang Lane,San Francisco,California,94110
307,Gerri,Chaudrelle,3559 Harper Alley,Saint Petersburg,Florida,33742
308,Dane,Fruchon,4 Vera Terrace,Fort Smith,Arkansas,72905
309,Emlyn,Blades,607 Spaight Circle,Pensacola,Florida,32526
310,Jaquenette,Blose,9 Saint Paul Place,Oceanside,California,92056
311,Lee,Callum,4773 Steensland Crossing,Fort Worth,Texas,76162
312,Alfie,Georgot,24 Upham Center,Los Angeles,California,90060
313,Aliza,Speke,37 Leroy Trail,Allentown,Pennsylvania,18105
314,Tiphani,Yeliashev,724 Ilene Road,Beaverton,Oregon,97075
315,Duff,Haughey,03197 Sage Junction,New Orleans,Louisiana,70187
316,Shannon,Jasik,03912 Washington Lane,Duluth,Georgia,30096
317,Gabriele,Isacq,770 Maywood Alley,Mobile,Alabama,36628
318,Astrix,Farnfield,746 Ohio Court,Arlington,Texas,76011
319,Diannne,Dryden,314 Ryan Parkway,Macon,Georgia,31210
320,Amabelle,Girardi,259 Summit Alley,Sacramento,California,94286
321,Barde,Shiers,779 Twin Pines Court,Melbourne,Florida,32941
322,Raddie,Peasegood,71857 Derek Lane,Jackson,Mississippi,39282
323,Sidney,Whiteoak,0 Hudson Place,San Antonio,Texas,78240
324,Timmy,Provest,4 Moulton Terrace,Richmond,Virginia,23208
325,Tremayne,Ryley,785 Cherokee Alley,Pittsburgh,Pennsylvania,15220
326,Alaine,Bettleson,45198 Farragut Lane,Gulfport,Mississippi,39505
327,Jennee,Chafer,9 Fordem Court,Tyler,Texas,75799
328,Elly,Kilfether,5 Warner Alley,Detroit,Michigan,48242
329,Nowell,Getsham,6135 Summit Drive,Lubbock,Texas,79452
330,Catharine,Sore,4357 Golf Course Trail,Columbia,South Carolina,29240
331,Monique,Maher,71356 Arizona Junction,Waterloo,Iowa,50706
332,Devi,McColm,0 Clarendon Court,Naples,Florida,34108
333,Stacy,Outridge,9413 Luster Place,Portsmouth,New Hampshire,03804
334,Murielle,Deverson,4 Eastlawn Trail,Sacramento,California,94207
335,Mic,Capper,4 Village Green Center,Albuquerque,New Mexico,87110
336,Glendon,McCluskey,0760 Riverside Junction,Elizabeth,New Jersey,07208
337,Buddy,Tomsett,243 Lakewood Street,Montgomery,Alabama,36109
338,Haskel,Gipps,458 Everett Street,Durham,North Carolina,27705
339,Giffard,Auchinleck,86855 Fordem Point,Fresno,California,93750
340,Fayina,Beefon,9 Thackeray Circle,Huntington,West Virginia,25705
341,Aguie,Markl,339 American Ash Way,Memphis,Tennessee,38126
342,Hansiain,Netherwood,22 North Pass,Richmond,Virginia,23277
343,Birch,Gaytor,9 David Court,Houston,Texas,77206
344,Daphne,Saura,5 Spaight Trail,Dearborn,Michigan,48126
345,Tony,Rae,8436 Weeping Birch Street,Bloomington,Indiana,47405
346,Barn,Rennick,756 Jenifer Park,Boston,Massachusetts,02124
347,Stavros,Andres,4342 Coolidge Place,Tampa,Florida,33647
348,Dael,Slateford,514 Merry Alley,Boston,Massachusetts,02208
349,Steffie,McKevany,3234 Mesta Road,Buffalo,New York,14263
350,Cyndie,Towndrow,99634 Bobwhite Lane,Punta Gorda,Florida,33982
351,Efren,Minett,16738 Debs Place,Irvine,California,92619
352,Sinclair,Pengelley,79 Arapahoe Circle,Naples,Florida,33961
353,Forester,Milington,6490 Stang Court,Columbus,Georgia,31904
354,Erhard,Kagan,02 Old Shore Alley,Tacoma,Washington,98464
355,Haroun,Junkinson,8 Goodland Avenue,Fresno,California,93709
356,Katha,Renehan,08 Moose Pass,Marietta,Georgia,30061
357,Shandy,Standring,8 Clemons Alley,Los Angeles,California,90087
358,Ardine,Symcoxe,55 Bunting Park,Dulles,Virginia,20189
359,Sergio,Cervantes,5842 Hintze Way,Sioux Falls,South Dakota,57193
360,Kliment,Striker,7764 Merry Drive,Boise,Idaho,83722
361,Jacki,Fronek,94 Russell Way,Fresno,California,93778
362,Arleta,Hindrich,827 3rd Avenue,Norcross,Georgia,30092
363,Zahara,Ladbrooke,8 Caliangt Parkway,Los Angeles,California,90055
364,Bert,Jantot,965 Dryden Trail,Falls Church,Virginia,22047
365,Robert,Misson,811 Hooker Circle,Los Angeles,California,90087
366,Charmion,Heffer,4203 Petterle Drive,Camden,New Jersey,08104
367,Ardyce,Cranham,7872 Hanover Place,Mesa,Arizona,85205
368,Cass,Kingston,3318 Burrows Point,Irvine,California,92612
369,Alexandrina,Billanie,7 Lakewood Point,El Paso,Texas,79911
370,Eloisa,Oehme,68102 Maywood Plaza,El Paso,Texas,88563
371,Sabrina,Lawee,9 1st Street,Mesa,Arizona,85215
372,Culley,Legge,16773 Merry Plaza,Winston Salem,North Carolina,27105
373,Eduard,Waplinton,687 Claremont Crossing,Troy,Michigan,48098
374,Sibley,MacGillreich,436 Briar Crest Crossing,Torrance,California,90505
375,Vite,Coggles,98434 Eliot Court,Wichita,Kansas,67205
376,Hakeem,Mattei,33 Jenna Trail,Evansville,Indiana,47712
377,Mona,Kissick,0992 Dennis Park,Indianapolis,Indiana,46295
378,Salvador,Tiery,03616 Redwing Point,Rochester,New York,14614
379,Athene,Simester,08 Bluestem Drive,Kansas City,Missouri,64149
380,Kissee,Nealey,50436 Armistice Street,Davenport,Iowa,52804
381,Sayre,Salthouse,8 Muir Court,Omaha,Nebraska,68110
382,Montgomery,Sines,18586 Grayhawk Way,Charleston,West Virginia,25331
383,Raf,Thewlis,52 Center Drive,Gaithersburg,Maryland,20883
384,Wenona,Shewan,3 Arizona Street,Denver,Colorado,80223
385,Cynthea,Jewson,0 Transport Hill,Cincinnati,Ohio,45249
386,Franciska,Grosvener,5594 North Avenue,Fairbanks,Alaska,99709
387,Rozanne,Thyer,627 Village Hill,Baton Rouge,Louisiana,70810
388,Diane,Morriss,15 Old Shore Center,Miami,Florida,33158
389,Patrica,Fearon,8 Shasta Way,Saint Paul,Minnesota,55188
390,Jaymie,Cavolini,06 Quincy Avenue,Mc Keesport,Pennsylvania,15134
391,Cletis,Cox,3994 Alpine Trail,Alpharetta,Georgia,30022
392,Lisette,Frantzeni,73546 Longview Pass,Birmingham,Alabama,35279
393,Cherey,Gimbrett,7 Ilene Alley,Marietta,Georgia,30066
394,Palmer,Furzey,275 School Point,Atlanta,Georgia,31106
395,Julienne,Bartholomieu,56695 Ridge Oak Junction,Washington,District of Columbia,20310
396,Vladimir,Oventon,45969 Garrison Junction,Miami,Florida,33124
397,Sherlocke,Jirik,0 Service Place,Santa Monica,California,90410
398,Waverley,Murrum,4 Marcy Lane,Augusta,Georgia,30905
399,Daron,Phillcock,14 Columbus Drive,Arlington,Virginia,22212
400,Mic,Tearny,23003 Norway Maple Junction,Dallas,Texas,75310
401,Tierney,Petrushkevich,25541 Westport Drive,Duluth,Georgia,30096
402,Phyllida,Ivshin,7 Monument Junction,Bakersfield,California,93305
403,Wait,Grooby,94 Delladonna Street,Philadelphia,Pennsylvania,19131
404,Zelig,Patient,821 Sycamore Parkway,Birmingham,Alabama,35254
405,Jacynth,Wathey,08 Rusk Trail,Idaho Falls,Idaho,83405
406,Eddy,Brotherhead,4 Arrowood Court,Las Vegas,Nevada,89160
407,Hazel,Webster,98683 Continental Way,Panama City,Florida,32405
408,Marylin,Flanner,444 Bonner Plaza,Dayton,Ohio,45454
409,Livvie,Ashforth,11315 Utah Trail,Rockford,Illinois,61105
410,Innis,Gheeraert,625 Manufacturers Drive,Denver,Colorado,80270
411,Sheena,Tremlett,03377 Oak Center,Scranton,Pennsylvania,18505
412,Shandie,Malshinger,1376 Boyd Trail,Columbus,Ohio,43210
413,Christye,Dessent,75 Kennedy Plaza,Knoxville,Tennessee,37995
414,Alley,Astling,824 Montana Crossing,Zephyrhills,Florida,33543
415,Cal,Patzelt,587 Talisman Drive,Saint Paul,Minnesota,55188
416,Artemis,Duell,7768 Melvin Circle,Washington,District of Columbia,20226
417,Donnajean,Extence,096 Hoepker Center,Raleigh,North Carolina,27658
418,Yehudi,Henric,33802 Armistice Center,Garland,Texas,75049
419,Joaquin,Hamsley,932 Heath Place,Raleigh,North Carolina,27621
420,Towney,Pumfrey,75 Bluestem Avenue,Columbus,Ohio,43215
421,Kelsey,Prestige,7 Melrose Junction,Schaumburg,Illinois,60193
422,Salem,Buyers,61 Westridge Way,Columbus,Georgia,31914
423,Andriette,Hales,25910 Dayton Trail,Santa Fe,New Mexico,87592
424,Paige,Martine,946 Shelley Avenue,Atlanta,Georgia,30380
425,Shep,Webby,94 Annamark Center,Falls Church,Virginia,22047
426,Berkie,Fagg,81306 Carey Junction,Lake Worth,Florida,33462
427,Margalo,MacKerley,527 Rowland Plaza,Yakima,Washington,98907
428,Romonda,Hurd,711 Dovetail Pass,York,Pennsylvania,17405
429,Cristina,Corah,0019 Daystar Circle,Newark,Delaware,19714
430,Natal,Badini,14 Arapahoe Plaza,Garden Grove,California,92844
431,Baudoin,Bodiam,4 Banding Circle,Lansing,Michigan,48901
432,Mic,Keatley,4 Cody Hill,Pittsburgh,Pennsylvania,15266
433,Amargo,Andrelli,96113 Moulton Street,Tempe,Arizona,85284
434,Davon,Hubbold,83145 Harper Drive,Baltimore,Maryland,21229
435,Rayner,Ciric,32 Jana Lane,Anchorage,Alaska,99517
436,Elfrida,Baumber,058 Golf Court,Concord,California,94522
437,Tynan,Tonkinson,379 Schiller Place,Seattle,Washington,98127
438,Athena,Tombleson,14 Cody Pass,Cincinnati,Ohio,45264
439,Stanton,Mitcheson,861 Corscot Point,Denver,Colorado,80249
440,Elwin,Faircliff,4094 Jenna Avenue,Irvine,California,92619
441,Phil,Gauvin,01075 Eliot Trail,Saint Paul,Minnesota,55115
442,Jeno,Glowacki,116 Menomonie Lane,Pensacola,Florida,32590
443,Lacy,Bakes,0 Troy Junction,Newton,Massachusetts,02458
444,Geordie,Hinkens,23402 Thierer Park,El Paso,Texas,88553
445,Kimberlyn,Woodrup,8 Farragut Lane,Dallas,Texas,75379
446,Donna,Pedycan,1 Memorial Junction,Richmond,California,94807
447,Dana,Sutton,01 Kim Terrace,Evansville,Indiana,47712
448,Clementine,Draude,2166 Debs Center,Winston Salem,North Carolina,27157
449,Araldo,Bosman,881 Holy Cross Hill,Atlanta,Georgia,30301
450,Opaline,Rikel,6181 Novick Drive,New Haven,Connecticut,06510
451,Teodora,Sigars,6 Bonner Center,Amarillo,Texas,79105
452,Ephrem,Onthank,597 Delladonna Crossing,Pompano Beach,Florida,33069
453,Anthony,Dalglish,4 Barby Street,Kingsport,Tennessee,37665
454,Veronica,Lush,52 Weeping Birch Road,Orlando,Florida,32819
455,Corie,Bloomer,427 Sage Crossing,Richmond,Virginia,23237
456,Eba,O'Driscoll,24 Delladonna Way,Honolulu,Hawaii,96850
457,Tracie,Shapiro,59 Ohio Junction,Kingsport,Tennessee,37665
458,Daniella,Mullany,285 Lerdahl Road,Washington,District of Columbia,20244
459,Cele,Elsy,2 Farwell Street,Garden Grove,California,92645
460,Roderic,Monsey,1637 Carioca Park,Macon,Georgia,31210
461,Tobin,Khadir,31957 Susan Drive,Tampa,Florida,33686
462,Korella,Dumbrill,42512 Buena Vista Parkway,El Paso,Texas,88574
463,Kamilah,Blaxeland,397 Bobwhite Lane,Dallas,Texas,75358
464,Susana,Bellsham,41477 Fairview Street,Washington,District of Columbia,20073
465,Odelia,Wimmer,391 Pennsylvania Way,New Orleans,Louisiana,70116
466,Brendin,Lafrentz,78 Calypso Pass,Katy,Texas,77493
467,Diane-marie,Downage,968 Corry Circle,New York City,New York,10280
468,Major,Thirst,9 Lighthouse Bay Parkway,Greenville,South Carolina,29610
469,Dell,Coom,531 Huxley Alley,Humble,Texas,77346
470,Sherie,Lartice,76517 Annamark Plaza,Baltimore,Maryland,21275
471,Deck,Gammidge,9651 Scott Point,Beaumont,Texas,77705
472,Erick,Tomney,06 Di Loreto Park,Humble,Texas,77346
473,Lynn,Polhill,2842 Amoth Avenue,Macon,Georgia,31205
474,Boycie,Cavozzi,26 Westend Circle,Carol Stream,Illinois,60351
475,Rouvin,Jannasch,51 Springs Plaza,Chicago,Illinois,60646
476,Kelbee,Pilmoor,09 La Follette Pass,Tulsa,Oklahoma,74149
477,Gualterio,Mannering,38522 Waubesa Hill,Milwaukee,Wisconsin,53285
478,Darsie,Toseland,39 Macpherson Court,Chicago,Illinois,60630
479,Kaila,Haime,97 Village Green Crossing,Vancouver,Washington,98664
480,Fitz,Borthram,71 Clemons Alley,Denver,Colorado,80299
481,Mureil,Kubista,446 Wayridge Court,Northridge,California,91328
482,Minna,Jamieson,3 Fair Oaks Way,Columbus,Ohio,43210
483,Gwendolin,Walklett,3 Knutson Center,Manassas,Virginia,22111
484,Vivie,Duny,38 Dunning Road,Atlanta,Georgia,30375
485,Gabriel,Slot,20 International Plaza,Birmingham,Alabama,35244
486,Farra,Rottenbury,5 Mariners Cove Crossing,Richmond,Virginia,23237
487,Birgitta,Bashford,3 Saint Paul Drive,Saint Paul,Minnesota,55166
488,Winifield,Blumsom,1 Shoshone Parkway,Paterson,New Jersey,07505
489,Candra,MacTerlagh,15 Kings Center,Toledo,Ohio,43656
490,Kim,People,40922 Carpenter Crossing,Portland,Oregon,97229
491,Nelia,Hatherell,06 Prairie Rose Road,Harrisburg,Pennsylvania,17140
492,Elvera,Ruberry,8148 Cody Parkway,New York City,New York,10060
493,Chandal,Wadsworth,707 Maywood Alley,Cumming,Georgia,30130
494,Hewet,Korejs,8061 Talmadge Road,Ridgely,Maryland,21684
495,Nonah,Aldis,6007 Johnson Avenue,Jackson,Mississippi,39296
496,Oriana,Smiths,2 Moland Alley,Kansas City,Missouri,64142
497,Melinde,Bush,9107 Dorton Junction,Phoenix,Arizona,85035
498,Deeann,Vasyukhichev,95 Vernon Street,Tucson,Arizona,85754
499,Krishnah,Winspear,70164 Pond Pass,Cedar Rapids,Iowa,52410
500,Vassili,Biagini,98 Eastlawn Junction,Spokane,Washington,99210
501,Daniele,Bastie,6965 Haas Terrace,Tampa,Florida,33673
502,Celine,Sharrocks,7397 Prairieview Center,Chicago,Illinois,60686
503,Bennie,Cromwell,91924 Green Ridge Alley,Salt Lake City,Utah,84135
504,Balduin,D'Abbot-Doyle,22697 Boyd Avenue,Newport News,Virginia,23612
505,Nevsa,Wilman,7 Transport Alley,Colorado Springs,Colorado,80910
506,Hatty,Skepper,933 Elka Crossing,Cincinnati,Ohio,45223
507,Jourdain,Sale,66368 Jackson Center,Lexington,Kentucky,40586
508,Isahella,Yakubov,4 Service Street,Amarillo,Texas,79159
509,Robyn,Siggers,66960 Meadow Valley Avenue,Fort Wayne,Indiana,46814
510,Sawyere,Geillier,5649 Saint Paul Court,Minneapolis,Minnesota,55436
511,Lelia,Banbrick,30 Jay Lane,Los Angeles,California,90040
512,Sylvan,Mauchline,5563 Dawn Way,Oklahoma City,Oklahoma,73124
513,Misty,Stuchburie,4351 Buell Park,Albany,New York,12227
514,Leigha,Shilvock,031 Michigan Park,Charleston,South Carolina,29403
515,Celestine,Macon,7 Lakeland Road,Pittsburgh,Pennsylvania,15235
516,Amalea,Retchless,36 Kropf Way,Lawrenceville,Georgia,30045
517,Kristal,Tran,4 Delaware Avenue,Indianapolis,Indiana,46202
518,Tabbatha,Feldmann,01 Paget Way,Birmingham,Alabama,35279
519,Mandel,Dracey,672 Meadow Valley Court,Pasadena,California,91186
520,Des,Jaquin,0 Farmco Point,Washington,District of Columbia,20370
521,Kliment,Matyja,01 Petterle Center,Bellevue,Washington,98008
522,Domini,Anespie,73488 Service Court,Shawnee Mission,Kansas,66220
523,Perice,Gravenall,03992 Pennsylvania Trail,Memphis,Tennessee,38136
524,Franklin,Bradneck,599 Mockingbird Court,Long Beach,California,90805
525,Therine,Poxson,774 Arizona Parkway,Maple Plain,Minnesota,55572
526,Marlee,Osment,864 Erie Place,Indianapolis,Indiana,46231
527,Elfreda,Samways,54784 Mccormick Parkway,Honolulu,Hawaii,96835
528,Renell,Seagar,53 Havey Terrace,Los Angeles,California,90050
529,Elisha,Merington,0833 Fairview Road,Charlotte,North Carolina,28299
530,Jeno,Turland,5 Monica Crossing,Iowa City,Iowa,52245
531,Thoma,Watmough,96 Kingsford Terrace,Las Cruces,New Mexico,88006
532,Sherm,Burgher,6197 Glacier Hill Point,Sacramento,California,94237
533,Chevalier,Shapland,0 Waywood Point,Indianapolis,Indiana,46278
534,Clair,Blase,391 Service Park,Los Angeles,California,90035
535,Faydra,Jorez,94 Almo Plaza,Albuquerque,New Mexico,87180
536,Rosaleen,McGlynn,54 Tony Pass,San Diego,California,92176
537,Ellswerth,Iuorio,2448 Becker Trail,Los Angeles,California,90101
538,Piggy,Zanioletti,03092 Commercial Road,Tallahassee,Florida,32314
539,Haroun,Aujean,43 Holy Cross Court,Washington,District of Columbia,56944
540,Wilfrid,Barling,2 Reinke Lane,Albany,New York,12242
541,Zonnya,Casarili,2898 Spohn Alley,Irving,Texas,75037
542,Cordula,Muffin,50594 Texas Center,Arlington,Virginia,22225
543,Bella,Kadd,364 Delladonna Park,Pittsburgh,Pennsylvania,15235
544,Aylmar,Baggarley,1 Service Circle,Dayton,Ohio,45454
545,Ange,Colliber,5 Mendota Plaza,Hamilton,Ohio,45020
546,Robina,Oldacre,576 Leroy Park,Vancouver,Washington,98682
547,Miller,Whorton,014 Southridge Street,Phoenix,Arizona,85072
548,Marthena,Labusch,4007 Oriole Way,Dallas,Texas,75205
549,Dion,Schofield,26237 Drewry Trail,Pensacola,Florida,32526
550,Bette-ann,MacSkeaghan,48932 Almo Hill,Roanoke,Virginia,24009
551,Mortie,Degue,87 Spohn Hill,Baltimore,Maryland,21281
552,Costa,Brotherwood,488 Grover Center,Miami,Florida,33169
553,Hayward,Tolerton,30755 Hansons Hill,Texarkana,Texas,75507
554,Freedman,Laxston,87516 David Place,El Paso,Texas,88535
555,Maire,Bidgood,4 Hovde Way,Reston,Virginia,22096
556,Bari,Winnard,384 Leroy Plaza,San Jose,California,95128
557,Neron,Rigard,49 Esker Trail,Punta Gorda,Florida,33982
558,Nessie,Athersmith,2 Mcbride Parkway,Corpus Christi,Texas,78415
559,Frasquito,Espadate,0 Main Court,Norwalk,Connecticut,06854
560,Rosalynd,Olenikov,35 Loeprich Junction,Colorado Springs,Colorado,80945
561,Barbaraanne,Bluett,0248 Evergreen Center,Melbourne,Florida,32941
562,Dani,Clowney,37 Stuart Avenue,Washington,District of Columbia,20508
563,Tedi,McCarrick,68 American Pass,Corpus Christi,Texas,78405
564,Fayre,Adrianello,4088 International Lane,Boca Raton,Florida,33487
565,Gillan,Tapin,891 Express Lane,Montgomery,Alabama,36104
566,Francois,Thorogood,49 Glendale Drive,Loretto,Minnesota,55598
567,Craig,Mallall,34 Basil Way,Indianapolis,Indiana,46226
568,Mimi,Weedenburg,6 Steensland Park,Minneapolis,Minnesota,55412
569,Frances,Ingold,3550 Riverside Lane,Rochester,New York,14639
570,Francyne,Andrelli,59302 Clyde Gallagher Lane,Reading,Pennsylvania,19610
571,Happy,Bailes,5 Everett Lane,Columbus,Georgia,31998
572,Consolata,Laye,53758 Farragut Parkway,Louisville,Kentucky,40280
573,Rinaldo,Edgett,5 8th Pass,Des Moines,Iowa,50981
574,Arney,Lashley,17 Kim Pass,Atlanta,Georgia,31136
575,Blondie,Lacer,115 8th Street,South Bend,Indiana,46634
576,Chariot,Di Biasi,688 Towne Court,Dallas,Texas,75251
577,Justen,Le Noir,71695 Forest Alley,Chesapeake,Virginia,23324
578,Adina,Stephens,0968 Blaine Drive,Irvine,California,92710
579,Manolo,Debling,8 Utah Trail,Fort Lauderdale,Florida,33325
580,Anderea,Wicken,5 Darwin Court,York,Pennsylvania,17405
581,Anthiathia,Hatwells,01 Burning Wood Place,San Rafael,California,94913
582,Berti,Goskar,194 Grover Pass,Muncie,Indiana,47306
583,Issie,Larmour,2 Pepper Wood Junction,Chattanooga,Tennessee,37416
584,Darcy,Trinke,2 Dryden Alley,Fresno,California,93778
585,Leonelle,Wrates,5 Di Loreto Plaza,Salt Lake City,Utah,84152
586,Gwenette,Tremblay,7 Rieder Crossing,Detroit,Michigan,48295
587,Ginnifer,Asken,20585 Northview Road,Charleston,South Carolina,29424
588,George,McAline,031 Warrior Parkway,Sarasota,Florida,34276
589,Riordan,Lehrer,484 Dovetail Center,Santa Clara,California,95054
590,Melonie,Seaton,57 Waywood Circle,Hampton,Virginia,23668
591,Preston,Picken,82887 Del Mar Point,New York City,New York,10019
592,Rubia,Menichillo,4144 Knutson Avenue,Pittsburgh,Pennsylvania,15235
593,Clifford,Guilloton,387 Bobwhite Plaza,Detroit,Michigan,48206
594,Nicola,Kubis,6 Melvin Point,San Francisco,California,94137
595,Loleta,Bordes,4210 Tennessee Avenue,Boston,Massachusetts,02119
596,Janina,Boal,95636 Maple Avenue,Santa Fe,New Mexico,87592
597,Florry,Toolin,13804 Oneill Way,Little Rock,Arkansas,72215
598,Zebulon,Dewerson,126 Fairview Point,Cedar Rapids,Iowa,52410
599,Sybilla,Offiler,78 Red Cloud Avenue,Madison,Wisconsin,53785
600,Ancell,Immings,255 Oak Valley Alley,Phoenix,Arizona,85099
601,Bernadette,Smorthit,1 Parkside Circle,Washington,District of Columbia,20005
602,Uriah,Hub,910 Michigan Center,Dallas,Texas,75246
603,Mikaela,Haggarty,28335 Moulton Plaza,Beaumont,Texas,77705
604,Lyndsay,McCluskey,1296 Hanover Plaza,Austin,Texas,78769
605,Shalom,Rozec,78227 Bashford Place,Hamilton,Ohio,45020
606,Goldy,Witherden,809 Quincy Place,Springfield,Missouri,65805
607,Christoph,Berthod,01 Ohio Junction,Honolulu,Hawaii,96825
608,Ilario,Aves,7552 Golden Leaf Alley,New York City,New York,10175
609,Hadrian,Willars,3 Menomonie Place,Santa Cruz,California,95064
610,Andrus,Boardman,4680 Ludington Lane,Chicago,Illinois,60681
611,Levi,Chiene,2129 Ronald Regan Court,Bronx,New York,10454
612,Reinald,Libreros,77 Crest Line Drive,Sioux City,Iowa,51105
613,Klarika,Rosen,2823 Raven Terrace,Akron,Ohio,44305
614,Shandra,Ricketts,45232 Raven Terrace,Phoenix,Arizona,85045
615,Mark,Hasloch,1 Nancy Junction,San Antonio,Texas,78260
616,Fanchette,Trahair,6939 Heffernan Circle,Manassas,Virginia,22111
617,Cindi,Gingles,95 Grim Road,Washington,District of Columbia,20580
618,Gram,Geraldez,2 Forest Dale Way,Chandler,Arizona,85246
619,Ara,Leatt,35799 Spohn Park,Salt Lake City,Utah,84115
620,Nicol,Beyn,0 Westridge Circle,Columbus,Ohio,43210
621,Pippa,Franzman,22087 Shoshone Court,Erie,Pennsylvania,16534
622,Ivor,Favela,3 Jenifer Hill,Lynn,Massachusetts,01905
623,Ingar,Greg,4901 Orin Lane,Kalamazoo,Michigan,49048
624,Reggi,Camsey,6168 5th Alley,Jacksonville,Florida,32277
625,Jermaine,Buckthorpe,2964 Farragut Court,Salt Lake City,Utah,84145
626,Siouxie,Fairfoull,58 Jenna Crossing,Charleston,West Virginia,25321
627,Gardie,Peinke,87264 Maple Wood Place,Port Charlotte,Florida,33954
628,Erica,Perelli,1188 Bobwhite Plaza,Orlando,Florida,32803
629,Novelia,Alti,0 Doe Crossing Way,Brooklyn,New York,11254
630,Curtice,Ommundsen,3415 Fairfield Court,Charlotte,North Carolina,28210
631,Flin,Lingard,19839 Holmberg Circle,Evansville,Indiana,47732
632,Gaultiero,Anthony,39317 Birchwood Way,Phoenix,Arizona,85025
633,Kayla,Danev,502 Dexter Parkway,New Orleans,Louisiana,70154
634,Andros,Pettican,4 Donald Court,Oklahoma City,Oklahoma,73157
635,Aguistin,Chaddock,8 Fieldstone Terrace,Detroit,Michigan,48275
636,Rafaello,Garfield,7 Heath Drive,Phoenix,Arizona,85035
637,Nady,De Fraine,16417 Maple Pass,Phoenix,Arizona,85030
638,Lisette,Poulney,5820 Delaware Terrace,Orlando,Florida,32859
639,Nita,Bachnic,756 Grover Alley,El Paso,Texas,79940
640,Beret,Spencer,69 Cardinal Point,Sacramento,California,95828
641,Damon,Etchell,021 Anzinger Center,Paterson,New Jersey,07522
642,Emiline,Copestake,59844 Summer Ridge Avenue,Fort Worth,Texas,76121
643,Bibi,Shillinglaw,893 Buhler Way,Zephyrhills,Florida,33543
644,Amalita,Charlick,73004 Derek Point,Roanoke,Virginia,24040
645,Brena,Greatrakes,96147 Anthes Avenue,Pittsburgh,Pennsylvania,15210
646,Salim,Petrollo,73 Valley Edge Point,Kansas City,Missouri,64190
647,Gretta,Youngs,0 Blaine Alley,Duluth,Minnesota,55811
648,Augustin,Farrance,80 New Castle Point,Fresno,California,93778
649,Erik,Baytrop,6562 Express Place,Houston,Texas,77260
650,Cassondra,Battman,9634 4th Alley,Irvine,California,92612
651,Patton,Constantine,676 Dawn Street,San Mateo,California,94405
652,Riannon,Hexham,134 Spenser Hill,Greensboro,North Carolina,27455
653,Ottilie,Delucia,43992 Vahlen Trail,Port Washington,New York,11054
654,Tonnie,Merrin,95971 Colorado Way,El Paso,Texas,79999
655,Allianora,Hawkings,082 Continental Circle,Birmingham,Alabama,35236
656,Kahaleel,Snufflebottom,35399 Ronald Regan Alley,Saginaw,Michigan,48604
657,Caleb,Jebb,8 Nobel Trail,Rochester,New York,14646
658,Maddy,Wolfindale,01896 Judy Center,Boca Raton,Florida,33432
659,Jarrod,Thibodeaux,51013 Nelson Place,Bethesda,Maryland,20892
660,Micki,Gorst,43932 Debs Lane,Sioux Falls,South Dakota,57188
661,Earle,Edinburgh,556 Scofield Road,Fresno,California,93726
662,Davie,James,07 Bartillon Avenue,Dallas,Texas,75231
663,Pat,Bayles,6 Sugar Parkway,Wichita,Kansas,67236
664,Dario,Aynsley,5 Pennsylvania Trail,Shawnee Mission,Kansas,66225
665,Barnabas,Swaby,3796 Talmadge Point,Marietta,Georgia,30066
666,Hamil,Shorland,078 Novick Terrace,Cleveland,Ohio,44118
667,Cassaundra,Lawrenson,275 Corscot Crossing,Las Vegas,Nevada,89125
668,Amelia,Dolbey,5008 Orin Circle,Virginia Beach,Virginia,23464
669,Annnora,Croci,931 Arkansas Way,Pittsburgh,Pennsylvania,15215
670,Barnabe,Peascod,56939 Tennessee Lane,Detroit,Michigan,48232
671,Aviva,McMyler,51353 Londonderry Center,Visalia,California,93291
672,Cortie,Fiddyment,851 Lakewood Plaza,Fort Worth,Texas,76110
673,Berkley,Caudle,04 Steensland Way,San Jose,California,95128
674,Timmy,Leehane,9 International Parkway,Suffolk,Virginia,23436
675,Jacquie,Kondratowicz,6310 Eastlawn Hill,Savannah,Georgia,31416
676,Nanine,Callf,14 Lyons Drive,Dallas,Texas,75387
677,Yolanthe,O'Corren,77 Katie Plaza,Los Angeles,California,90081
678,Brigit,Luis,8182 Sauthoff Lane,Washington,District of Columbia,20051
679,Reggie,Blazynski,4 Sutteridge Center,Austin,Texas,78721
680,Eran,Baggot,827 Schmedeman Court,Evanston,Illinois,60208
681,Delainey,Colman,37990 Columbus Street,College Station,Texas,77844
682,Herminia,Garces,362 Vera Center,Round Rock,Texas,78682
683,Jammie,Shilleto,1 Mccormick Street,Kansas City,Missouri,64130
684,Celinka,Absolom,54488 Waxwing Road,Cleveland,Ohio,44185
685,Orsola,MacKenny,30 Emmet Terrace,Saint Louis,Missouri,63150
686,Kerri,Whickman,9273 Banding Avenue,Lubbock,Texas,79415
687,Morganne,Braund,5 Texas Pass,Wichita,Kansas,67205
688,Ignacius,Shevlin,266 Maywood Alley,Des Moines,Iowa,50936
689,Phillis,Winsper,18 Ronald Regan Street,Alhambra,California,91841
690,Cullen,Zima,091 Warbler Court,Racine,Wisconsin,53405
691,Gabriellia,Pozer,4472 Lyons Street,Indianapolis,Indiana,46231
692,Zelma,O'Neil,981 Mesta Park,Naples,Florida,34102
693,Gene,Valde,98 Manufacturers Pass,Duluth,Minnesota,55811
694,Valene,Dike,97961 Lunder Way,Rockford,Illinois,61110
695,Kingsly,Fidelli,066 Nelson Parkway,Charlottesville,Virginia,22908
696,Querida,Lowy,378 Maple Wood Alley,Nashville,Tennessee,37220
697,Burt,Attride,6 Welch Terrace,Fresno,California,93786
698,Dina,Gammidge,962 Cardinal Avenue,Memphis,Tennessee,38109
699,Karena,Slimme,3251 Northland Pass,Columbia,South Carolina,29203
700,Bobbe,Southward,748 5th Court,Kansas City,Missouri,64144
701,Luciana,Pittson,17847 Mallard Drive,El Paso,Texas,79911
702,Annadiane,Muckart,79 Bluestem Road,Cincinnati,Ohio,45254
703,Sergent,Norkett,2772 Canary Circle,Las Vegas,Nevada,89135
704,Gloriana,Vesty,28 Oneill Alley,Fort Smith,Arkansas,72905
705,Corbie,Zahor,2711 Daystar Junction,Charleston,West Virginia,25389
706,Lu,Shaddock,5 Melrose Pass,Cedar Rapids,Iowa,52410
707,Micah,Arrell,57209 Havey Street,Fort Myers,Florida,33913
708,Willamina,Bloodworth,1344 New Castle Lane,Abilene,Texas,79699
709,Isobel,Brum,52 Annamark Lane,Grand Rapids,Michigan,49510
710,Bernelle,Gerrelt,94 Calypso Road,Denver,Colorado,80223
711,Siusan,Liveing,8067 Tennyson Avenue,Beaumont,Texas,77705
712,Arthur,Haglington,1250 Dawn Lane,San Jose,California,95128
713,Codie,Celler,4424 Dakota Pass,Baltimore,Maryland,21265
714,Nolana,Colnett,0 Merrick Drive,San Francisco,California,94132
715,Cort,Dumphry,78 Grasskamp Way,Wichita,Kansas,67230
716,Brandea,Sabey,7395 Autumn Leaf Park,Birmingham,Alabama,35263
717,Lissa,Capener,49120 Hauk Parkway,Berkeley,California,94712
718,Maude,Treffrey,05 Bluejay Crossing,Corona,California,92883
719,Valera,O'Kynsillaghe,364 Westerfield Park,Richmond,Virginia,23260
720,Darnell,Towse,8 Forest Court,Scranton,Pennsylvania,18514
721,Aurea,Thomassin,454 Bunker Hill Circle,Arlington,Virginia,22244
722,Harlie,Attenburrow,9 Crowley Hill,San Antonio,Texas,78210
723,Alexandrina,Orcas,10024 Huxley Junction,Fort Wayne,Indiana,46805
724,Ethyl,Yegoshin,8 Crowley Way,New Orleans,Louisiana,70142
725,Lorinda,Keyme,9 Miller Lane,Long Beach,California,90840
726,Chrissy,Trinkwon,6 Grayhawk Crossing,Santa Ana,California,92705
727,Dacia,Ortzen,3 Fair Oaks Way,San Diego,California,92165
728,Misha,Ussher,70 Tomscot Drive,Riverside,California,92505
729,Brose,Glauber,61 Dawn Place,Evansville,Indiana,47712
730,Justin,Iacopini,094 Trailsway Circle,Lehigh Acres,Florida,33972
731,Saraann,MacCall,35636 Haas Terrace,Honolulu,Hawaii,96825
732,Thibaud,Roberts,56918 Grayhawk Road,Rockville,Maryland,20851
733,Delainey,de Juares,5143 Maple Avenue,San Francisco,California,94105
734,Bruno,Reason,5 Packers Park,Santa Ana,California,92725
735,Reynard,Rawcliffe,8573 Dottie Pass,Birmingham,Alabama,35295
736,Lauritz,Dumblton,7933 Hanson Hill,Winston Salem,North Carolina,27157
737,Arlen,Lunbech,7 Florence Parkway,New Orleans,Louisiana,70165
738,Cathee,Kesterton,312 Londonderry Park,Shawnee Mission,Kansas,66276
739,Arturo,Templman,052 Hansons Drive,Orlando,Florida,32891
740,Christos,Woolward,97 Canary Drive,Tucson,Arizona,85705
741,Del,Passey,5125 Kim Court,Fort Lauderdale,Florida,33315
742,Kathe,Levett,522 Stoughton Circle,El Paso,Texas,88553
743,Joann,Sherrocks,121 Homewood Plaza,San Francisco,California,94110
744,Giacopo,Forsaith,85 Grim Terrace,Augusta,Georgia,30911
745,Donielle,Fearon,3 Corben Street,Las Vegas,Nevada,89115
746,Leshia,Hamilton,17242 Ohio Junction,Akron,Ohio,44305
747,Jereme,Blacksell,6344 4th Trail,Lexington,Kentucky,40505
748,Muffin,Gilfether,66 Dottie Way,Amarillo,Texas,79105
749,Cristie,Mosdell,1134 Northland Avenue,Honolulu,Hawaii,96840
750,Ernestine,Giacobbo,990 Graedel Center,Minneapolis,Minnesota,55470
751,Blisse,Windrus,12174 Pearson Street,Nashville,Tennessee,37210
752,Lenna,Childs,8550 Sutteridge Lane,Dallas,Texas,75216
753,Tam,Kerkham,1367 Glendale Way,Washington,District of Columbia,20299
754,Allianora,Dami,64397 Brown Hill,Topeka,Kansas,66642
755,Murdock,Stilly,49 Sunbrook Road,Boston,Massachusetts,02216
756,Barbara,Espley,11904 Delaware Center,Denver,Colorado,80279
757,Isa,Derdes,013 Saint Paul Trail,Terre Haute,Indiana,47805
758,Cosimo,Morcom,450 Bunker Hill Point,Fargo,North Dakota,58106
759,Barbra,Merwede,1 Rowland Circle,Springfield,Missouri,65805
760,Drusy,Shewring,29042 Springview Park,Des Moines,Iowa,50981
761,Lian,Bento,68 Nobel Way,Charlotte,North Carolina,28242
762,Malorie,Heinel,40 Arizona Lane,Elizabeth,New Jersey,07208
763,Milissent,Dales,025 Glacier Hill Pass,Baton Rouge,Louisiana,70820
764,Andrew,Heeron,5 Meadow Ridge Crossing,Fresno,California,93786
765,Prentiss,Bilt,5498 Ridge Oak Place,Washington,District of Columbia,20210
766,Correy,Ducham,4 Ryan Street,Elmira,New York,14905
767,Deedee,Bend,14524 Kinsman Pass,Fort Wayne,Indiana,46825
768,Gwendolen,O'Heaney,3060 Dryden Point,Danbury,Connecticut,06816
769,Harriet,Vearncombe,93 Helena Terrace,Las Vegas,Nevada,89160
770,Blisse,Barrus,80 Lakewood Terrace,Amarillo,Texas,79188
771,Illa,Latan,8 Forster Way,Los Angeles,California,90050
772,Netta,Luciano,57385 Welch Way,Decatur,Georgia,30089
773,Walther,Kisting,6917 Grayhawk Hill,New York City,New York,10280
774,Katalin,Whatson,2034 Everett Trail,Denver,Colorado,80243
775,Arabele,Redwing,56 Duke Park,Redwood City,California,94064
776,Tammara,Fulcher,39461 Harper Drive,Minneapolis,Minnesota,55402
777,Ettie,Tomkys,23364 Stang Lane,Topeka,Kansas,66629
778,Rusty,Vasilov,0402 Bashford Alley,Jackson,Mississippi,39236
779,Buddy,Fillingham,86201 Fisk Court,Salt Lake City,Utah,84130
780,Jeffry,Vennard,38 Fordem Center,Akron,Ohio,44329
781,Hailey,Leel,4 Petterle Center,Philadelphia,Pennsylvania,19151
782,Merrick,Jarlmann,161 Pankratz Point,Las Vegas,Nevada,89150
783,Sayre,Calyton,967 Myrtle Court,Madison,Wisconsin,53705
784,Karlene,Machent,0822 Corscot Point,Columbia,South Carolina,29203
785,Calypso,Keelin,15 Anzinger Circle,San Antonio,Texas,78215
786,Ingaborg,Delve,12 Claremont Way,Jamaica,New York,11447
787,Devina,Kensett,0 Washington Center,Jersey City,New Jersey,07310
788,Lucilia,Hause,3636 Kennedy Drive,San Luis Obispo,California,93407
789,Wallie,Finey,2 Forest Plaza,Tallahassee,Florida,32304
790,Mable,Murison,29479 Cody Plaza,Longview,Texas,75605
791,Kipp,Roath,46674 Corscot Plaza,Hartford,Connecticut,06120
792,Christophorus,Clapshaw,6903 Little Fleur Avenue,Atlanta,Georgia,31132
793,Susan,Fooks,735 Northwestern Point,Washington,District of Columbia,20205
794,Goldie,Blader,8896 3rd Court,Denver,Colorado,80209
795,Emelita,Schach,354 Menomonie Way,New York City,New York,10060
796,Penrod,Rowbottom,807 Springs Pass,Charlotte,North Carolina,28242
797,Tull,Palmer,8961 Lerdahl Court,Virginia Beach,Virginia,23464
798,Maiga,Giacomello,5 Buell Road,Arlington,Virginia,22234
799,Nils,Rosenqvist,72354 Express Terrace,Seattle,Washington,98166
800,Perri,Berggren,986 Farragut Trail,Honolulu,Hawaii,96805
801,Ingunna,Mateev,0862 Heffernan Circle,Chicago,Illinois,60674
802,Lacie,Osgarby,30554 Shasta Hill,Vancouver,Washington,98664
803,Jackson,Halstead,406 Springview Alley,Charlotte,North Carolina,28299
804,Ileane,Kenton,1355 Village Alley,San Diego,California,92160
805,Clair,Huxstep,95213 Declaration Drive,Macon,Georgia,31217
806,Teodor,O'Crigane,5684 Menomonie Trail,Largo,Florida,33777
807,Blane,Fitton,58182 Briar Crest Court,Kansas City,Missouri,64199
808,Renee,Pomfrett,08086 Browning Place,Tacoma,Washington,98424
809,Caitrin,Romain,0 Hanson Point,Pensacola,Florida,32520
810,Erik,Litchmore,62 Oneill Court,Tulsa,Oklahoma,74184
811,Meredeth,Braemer,954 Golden Leaf Way,San Francisco,California,94154
812,Cindee,Livard,29 Lighthouse Bay Court,Kansas City,Missouri,64179
813,Russell,Pettyfer,9148 Hudson Parkway,Odessa,Texas,79769
814,Madelaine,Waistell,706 Hovde Lane,Mesa,Arizona,85210
815,Holden,Roggieri,91 Ridgeway Alley,Honolulu,Hawaii,96805
816,Terese,Bevans,69520 Heath Avenue,New York City,New York,10029
817,Ingar,Theobalds,0960 Twin Pines Hill,Springfield,Virginia,22156
818,Cati,Karoly,29 Bluejay Avenue,Tulsa,Oklahoma,74103
819,Guthry,Goodricke,064 Portage Terrace,Charlotte,North Carolina,28284
820,Trish,Lukianov,900 Maple Wood Parkway,Kansas City,Missouri,64179
821,Maren,Gwatkins,5092 Hovde Road,Staten Island,New York,10305
822,Jules,Kirkland,64 Kennedy Avenue,Boston,Massachusetts,02283
823,Cherilyn,Wapple,6751 Schiller Hill,Kansas City,Missouri,64199
824,Eleen,McKeever,14427 Red Cloud Court,Phoenix,Arizona,85067
825,Bernadette,Proby,93 Golf Point,Shreveport,Louisiana,71115
826,Chase,Gwilym,4793 Weeping Birch Way,Zephyrhills,Florida,33543
827,Lowell,Praundl,55 Brickson Park Place,Saint Louis,Missouri,63196
828,Franklyn,Elan,38 Heffernan Center,Saint Cloud,Minnesota,56398
829,Salomi,Cannaway,53706 Moulton Road,Albany,New York,12205
830,Stu,Tisun,9 Wayridge Drive,Amarillo,Texas,79118
831,Douglass,McAless,84139 Butternut Hill,Milwaukee,Wisconsin,53220
832,Cross,Duchateau,34246 Ludington Street,Rochester,New York,14624
833,Cob,Tal,3952 Montana Park,Fresno,California,93773
834,Carri,Sturror,20143 Atwood Drive,Arlington,Texas,76011
835,Rudolph,Nowland,64 Raven Circle,Oklahoma City,Oklahoma,73152
836,Regen,Perl,53 Eliot Drive,Denver,Colorado,80223
837,Hermie,Mealand,4 Russell Junction,Shawnee Mission,Kansas,66205
838,Marcella,Bellward,065 Forest Way,Minneapolis,Minnesota,55412
839,Myrlene,Poag,8998 Holy Cross Way,Detroit,Michigan,48211
840,Cherianne,Clausius,452 Lakeland Road,Cleveland,Ohio,44185
841,Cindie,Fetters,010 Green Ridge Parkway,Modesto,California,95397
842,Rici,Kolin,62115 Parkside Point,Pittsburgh,Pennsylvania,15240
843,Karim,Ravenscroftt,83 Basil Terrace,Pensacola,Florida,32505
844,Delora,Collman,6 Browning Center,Savannah,Georgia,31405
845,Ritchie,Meanwell,36136 Stang Place,Washington,District of Columbia,20425
846,Elwood,Chansonnau,54 West Park,Sioux City,Iowa,51105
847,Riannon,Cuckoo,9603 Golf Course Street,Marietta,Georgia,30066
848,Iolande,Govier,8898 Westerfield Park,Dallas,Texas,75246
849,Ainslie,Moulder,52984 Oak Valley Place,Saint Paul,Minnesota,55146
850,Conrado,Rude,099 Butternut Avenue,Minneapolis,Minnesota,55487
851,Myrle,Cockling,37 Roxbury Park,Boise,Idaho,83711
852,Irwinn,Goodie,0 Algoma Park,Fort Smith,Arkansas,72905
853,Aubree,Baltzar,822 Loeprich Terrace,Atlanta,Georgia,30323
854,Nannette,Stitfall,0 Mariners Cove Avenue,Glendale,Arizona,85311
855,Belinda,James,53812 Rowland Place,Corpus Christi,Texas,78426
856,Lanita,Manns,76 Golden Leaf Place,Berkeley,California,94705
857,Brien,Norree,1077 Orin Court,Charleston,West Virginia,25336
858,Bobbi,Measen,04892 Browning Terrace,El Paso,Texas,79984
859,Husein,Rasper,653 Morning Avenue,Boston,Massachusetts,02119
860,Aleksandr,Assender,0 Hollow Ridge Avenue,Minneapolis,Minnesota,55446
861,Antoni,Falks,046 Texas Park,Springfield,Missouri,65810
862,Siobhan,Egentan,1 Wayridge Place,Cleveland,Ohio,44111
863,Karly,Skerm,343 Gulseth Pass,Birmingham,Alabama,35242
864,Johannes,Tomaszewski,1331 Shopko Circle,Baltimore,Maryland,21239
865,Tove,Shortell,3360 Bashford Road,Phoenix,Arizona,85083
866,Franklyn,Ternault,1 Express Plaza,Columbus,Ohio,43240
867,Barbara,Heape,5976 Ruskin Point,Gatesville,Texas,76598
868,Bren,Antram,13 Shopko Avenue,Fort Worth,Texas,76178
869,Sasha,McQuade,5 Oriole Terrace,Kansas City,Missouri,64109
870,Delphinia,Matantsev,6846 Thackeray Place,Fresno,California,93794
871,Daren,Southby,95 Moulton Drive,Alexandria,Virginia,22301
872,Dasya,Remer,15855 Bartelt Parkway,Jefferson City,Missouri,65105
873,Victoir,Leport,5 Chive Point,Delray Beach,Florida,33448
874,Vicki,Juleff,86 Westend Court,Charlotte,North Carolina,28289
875,Carin,Loveridge,9 Columbus Circle,Toledo,Ohio,43615
876,Theresina,Blaasch,12952 Prairie Rose Court,Dallas,Texas,75392
877,Teddie,Garlinge,5461 Stone Corner Junction,Toledo,Ohio,43699
878,Lela,Beche,0202 Lillian Plaza,Seattle,Washington,98158
879,Fayre,Murrigans,39370 Eggendart Hill,Denver,Colorado,80235
880,Kirsten,Ranking,81055 Hintze Parkway,Roanoke,Virginia,24009
881,Benyamin,Chapelle,64 Lakewood Gardens Way,Reno,Nevada,89550
882,Carolan,Farley,5 Annamark Avenue,Hollywood,Florida,33028
883,Jule,Palleske,70 Mifflin Park,Anchorage,Alaska,99522
884,Penn,Kiebes,040 Fallview Plaza,Cleveland,Ohio,44191
885,Stormi,Wemes,89 Lakewood Gardens Pass,Los Angeles,California,90025
886,Tammara,Deaville,6 Sunbrook Parkway,Washington,District of Columbia,20580
887,Happy,Robke,40 High Crossing Circle,Greenville,South Carolina,29605
888,Yves,Boundey,8042 Kinsman Avenue,Miami,Florida,33175
889,Leela,Kynnd,32 Kipling Center,Pensacola,Florida,32590
890,Dasya,Blaise,0779 Mcbride Point,Appleton,Wisconsin,54915
891,Alvina,Pointer,47177 Vidon Alley,San Jose,California,95138
892,Lurline,Pasley,3 Chive Junction,Charlotte,North Carolina,28205
893,Hanny,Rizzi,9 Cherokee Pass,New York City,New York,10045
894,Rory,Bottrill,0948 Elka Pass,Austin,Texas,78778
895,Dolores,Cottisford,21964 Muir Circle,Harrisburg,Pennsylvania,17105
896,Charlotta,Kilgrove,47 Morningstar Alley,Charlotte,North Carolina,28205
897,Coleman,Godehard.sf,666 Melby Pass,Fullerton,California,92835
898,Killian,Ekell,68559 Porter Lane,Green Bay,Wisconsin,54305
899,Wilone,De Fries,5 Nancy Road,Anderson,Indiana,46015
900,Lurette,Gibbons,5934 Annamark Junction,Seminole,Florida,34642
901,Emmalynn,Margrie,185 Elmside Crossing,El Paso,Texas,79911
902,Kort,Dearnly,1484 Crest Line Junction,Washington,District of Columbia,20525
903,Louella,Whelan,48 Northland Junction,Albany,Georgia,31704
904,Brian,Commander,07518 Kenwood Park,El Paso,Texas,79950
905,Harli,Dowzell,993 Fairfield Point,Saint Cloud,Minnesota,56372
906,Berne,Gerriets,98 Esch Lane,Tempe,Arizona,85284
907,Leeanne,Gut,3262 Gerald Parkway,Shawnee Mission,Kansas,66220
908,Renie,Leinweber,97 Elka Crossing,Irvine,California,92612
909,Kirsten,Petre,40479 Kinsman Junction,Brooklyn,New York,11254
910,Levin,Gorgen,2 Alpine Place,Schenectady,New York,12325
911,Amil,Sowthcote,5569 1st Place,Corpus Christi,Texas,78470
912,Brent,Barringer,11285 Morningstar Circle,Cambridge,Massachusetts,02142
913,Nealson,Simons,5081 Mifflin Trail,Boston,Massachusetts,02283
914,Jeanie,Klimentyev,9655 Morningstar Way,Corpus Christi,Texas,78475
915,Eb,Davson,00484 Tennessee Terrace,Carson City,Nevada,89714
916,Darya,Teodoro,8627 Mcbride Court,Gainesville,Florida,32610
917,Coop,Collings,32296 Lillian Park,Roanoke,Virginia,24024
918,Dacy,Delwater,3246 Garrison Street,Oxnard,California,93034
919,Dinny,Maryin,09359 Thompson Center,Portland,Oregon,97271
920,Innis,Dirand,8 Rigney Plaza,Boise,Idaho,83727
921,Ashlen,Essery,6582 Union Junction,Sacramento,California,94245
922,Hermine,Macey,6193 Carey Court,Phoenix,Arizona,85035
923,Elayne,Knowlson,368 Bluejay Circle,Temple,Texas,76505
924,Felicity,Worton,43 Russell Alley,Erie,Pennsylvania,16550
925,Hieronymus,Nekrews,37 Lerdahl Crossing,Toledo,Ohio,43635
926,Christabel,Petrishchev,61858 Bartelt Alley,Elmira,New York,14905
927,Betsy,Moneypenny,6946 Ruskin Trail,Charlotte,North Carolina,28242
928,Winnifred,Di Biagio,4732 Dwight Street,Seattle,Washington,98115
929,Yorgos,Millard,5376 Village Circle,Sacramento,California,94291
930,Rocky,Raynes,8890 Carioca Plaza,Salt Lake City,Utah,84105
931,Aeriel,Coast,48025 Fairview Way,Galveston,Texas,77554
932,Golda,Gerb,0 Arrowood Circle,Saint Louis,Missouri,63150
933,Darelle,Wetter,4204 Texas Center,Raleigh,North Carolina,27626
934,Ronald,Cranmer,9 Kim Pass,Newark,Delaware,19725
935,Juline,Scarlett,2785 Dryden Parkway,Salt Lake City,Utah,84130
936,Lyndsey,Shills,4079 Forest Run Way,San Diego,California,92153
937,Mathilda,Vardie,334 Crest Line Parkway,Erie,Pennsylvania,16534
938,Celisse,Loosmore,92 School Pass,Washington,District of Columbia,20540
939,Saundra,Moen,7 Grover Center,Las Vegas,Nevada,89150
940,Dennison,Smithies,3417 Sugar Way,Stockton,California,95205
941,Ingmar,Durnill,7 Hintze Crossing,Las Vegas,Nevada,89166
942,Barney,Fido,33 Bartelt Circle,Knoxville,Tennessee,37914
943,Maudie,Beddon,82019 Homewood Junction,Green Bay,Wisconsin,54305
944,Merlina,Blackaller,56934 Duke Drive,Cincinnati,Ohio,45243
945,Vanni,Drysdall,969 Iowa Place,Dallas,Texas,75236
946,Phillie,Gristwood,9 Luster Court,Norfolk,Virginia,23509
947,Brigg,Broose,11041 Leroy Parkway,Baltimore,Maryland,21229
948,Euell,Snar,552 Macpherson Avenue,Katy,Texas,77493
949,Klarrisa,Gosby,6 Sachtjen Road,North Las Vegas,Nevada,89087
950,Lindsey,Hewell,7211 Fulton Alley,Saint Paul,Minnesota,55166
951,Jyoti,Berlin,8 North Junction,Tampa,Florida,33694
952,Morton,Brownell,871 Ryan Crossing,Saint Petersburg,Florida,33731
953,Cassandre,Maybery,69 7th Alley,Arlington,Texas,76004
954,Ermina,Elvish,107 Thompson Terrace,Toledo,Ohio,43615
955,Emlynne,Gillice,72518 Gateway Drive,Arlington,Virginia,22225
956,Marie-ann,Jenicke,43576 Mandrake Drive,Washington,District of Columbia,20310
957,Bevvy,Broddle,93786 East Pass,Ashburn,Virginia,22093
958,Brenden,Scriviner,9 Scott Alley,Washington,District of Columbia,20503
959,Gery,Cuffley,171 Warner Park,Evanston,Illinois,60208
960,Reggie,Ferran,20390 Debs Trail,Cincinnati,Ohio,45254
961,Mac,Demageard,205 Fordem Circle,Miami,Florida,33175
962,Manfred,Franceschielli,3579 Elmside Way,Fort Wayne,Indiana,46852
963,Sharlene,Patience,74478 Washington Circle,Charlotte,North Carolina,28235
964,Tani,Jozsa,4 Veith Pass,Saint Louis,Missouri,63196
965,Marlo,Tabram,0 Everett Court,Pittsburgh,Pennsylvania,15205
966,Analiese,Shoobridge,910 Tomscot Crossing,Salt Lake City,Utah,84189
967,Channa,Fessions,5926 Rieder Terrace,Monticello,Minnesota,55565
968,Valentine,Bubbear,06029 Schlimgen Junction,Pasadena,Texas,77505
969,Meyer,Bisset,69425 Ridge Oak Circle,Chicago,Illinois,60663
970,Francesca,Culshaw,37 Eagan Crossing,Longview,Texas,75605
971,Harlin,Wanka,0051 Sugar Court,Columbia,Missouri,65218
972,Antonina,Cadell,30 Superior Circle,Lubbock,Texas,79410
973,Hieronymus,Dalgarnocht,843 Hansons Street,Kingsport,Tennessee,37665
974,Lorianne,Mongan,42417 Thompson Alley,Seattle,Washington,98133
975,Alfi,Mansford,997 Oriole Avenue,Oklahoma City,Oklahoma,73142
976,Kiele,Emmerson,20 Iowa Junction,Savannah,Georgia,31422
977,Piper,Upfold,604 Ronald Regan Street,Dallas,Texas,75265
978,Judi,Tappington,6373 Orin Crossing,Savannah,Georgia,31405
979,Tomas,Vellacott,8 Fulton Pass,San Jose,California,95194
980,Sanford,Gerssam,7671 Dixon Crossing,Garden Grove,California,92844
981,Giovanni,Bonnaire,7 Miller Crossing,Atlanta,Georgia,30368
982,Tricia,Slafford,67 Little Fleur Terrace,Washington,District of Columbia,20397
983,Emogene,Robe,1 Waxwing Alley,Charlotte,North Carolina,28247
984,Alva,Kneafsey,17 Brickson Park Circle,Hagerstown,Maryland,21747
985,Ross,Aitken,719 La Follette Park,El Paso,Texas,88541
986,Christalle,Tanman,11 Coleman Drive,Portland,Oregon,97286
987,Francene,Goundry,5 Ohio Point,Saint Louis,Missouri,63121
988,Elysia,Heelis,38892 Hazelcrest Crossing,Naples,Florida,33963
989,Albertine,Dallas,77 1st Terrace,Washington,District of Columbia,20268
990,Lurline,Rumbold,058 Bluestem Road,Atlanta,Georgia,30392
991,Bartholomeo,Valencia,12 Farmco Street,Las Vegas,Nevada,89110
992,Kamillah,Bruffell,6209 Columbus Avenue,Washington,District of Columbia,20073
993,Alaine,Gideon,7107 Merry Junction,Rochester,New York,14624
994,Nixie,Stollenberg,558 Forest Avenue,North Las Vegas,Nevada,89087
995,Leighton,Quiddihy,3 Jay Avenue,Washington,District of Columbia,20404
996,Noami,Beumant,5444 Golf View Avenue,Shawnee Mission,Kansas,66225
997,Kipper,De la Yglesia,11123 Chive Parkway,Toledo,Ohio,43635
998,Fee,Collen,93796 Northview Court,Salt Lake City,Utah,84145
999,Pearline,Crother,51868 Sunnyside Avenue,Charlotte,North Carolina,28247
1000,Tobi,Lethley,4 Westport Road,Houston,Texas,77055
